{"cameraMode":{"drawMode":3,"name":"Shadow Cascades","section":"Miscellaneous"},"sceneLighting":true,"audioPlay":false,"sceneViewState":{"m_AlwaysRefresh":false,"showFog":true,"showSkybox":false,"showFlares":true,"showImageEffects":true,"showParticleSystems":true,"showVisualEffectGraphs":true,"m_FxEnabled":true},"in2DMode":false,"pivot":{"x":1.3029825687408448,"y":0.6057350635528565,"z":0.0351560115814209},"rotation":{"x":0.003000176977366209,"y":0.0009069446823559701,"z":-0.000004236055247019976,"w":-1.000002145767212},"size":7.0051069259643559,"orthographic":true}