{"cameraMode":{"drawMode":3,"name":"Shadow Cascades","section":"Miscellaneous"},"sceneLighting":true,"audioPlay":false,"sceneViewState":{"m_AlwaysRefresh":false,"showFog":true,"showSkybox":false,"showFlares":true,"showImageEffects":true,"showParticleSystems":true,"showVisualEffectGraphs":true,"m_FxEnabled":true},"in2DMode":false,"pivot":{"x":1.5739097595214844,"y":-0.09277427196502686,"z":0.30255985260009768},"rotation":{"x":-0.06820474565029144,"y":0.26519638299942019,"z":-0.018809732049703599,"w":-0.9615999460220337},"size":4.8693037033081059,"orthographic":false}