{"cameraMode":{"drawMode":3,"name":"Shadow Cascades","section":"Miscellaneous"},"sceneLighting":true,"audioPlay":false,"sceneViewState":{"m_AlwaysRefresh":false,"showFog":true,"showSkybox":false,"showFlares":true,"showImageEffects":true,"showParticleSystems":true,"showVisualEffectGraphs":true,"m_FxEnabled":true},"in2DMode":false,"pivot":{"x":-1.459125280380249,"y":0.048490967601537707,"z":3.576061248779297},"rotation":{"x":0.003000176977366209,"y":0.0009069446823559701,"z":-0.000004236055247019976,"w":-1.000002145767212},"size":3.1338891983032228,"orthographic":true}