{"cameraMode":{"drawMode":3,"name":"Shadow Cascades","section":"Miscellaneous"},"sceneLighting":true,"audioPlay":false,"sceneViewState":{"m_AlwaysRefresh":false,"showFog":true,"showSkybox":false,"showFlares":true,"showImageEffects":true,"showParticleSystems":true,"showVisualEffectGraphs":true,"m_FxEnabled":true},"in2DMode":false,"pivot":{"x":-1.459125280380249,"y":0.048490967601537707,"z":3.576061248779297},"rotation":{"x":-0.001079558045603335,"y":0.9953435063362122,"z":-0.09584733098745346,"w":-0.011336822994053364},"size":11.75442886352539,"orthographic":true}