{"cameraMode":{"drawMode":3,"name":"Shadow Cascades","section":"Miscellaneous"},"sceneLighting":true,"audioPlay":false,"sceneViewState":{"m_AlwaysRefresh":false,"showFog":true,"showSkybox":false,"showFlares":true,"showImageEffects":true,"showParticleSystems":true,"showVisualEffectGraphs":true,"m_FxEnabled":true},"in2DMode":false,"pivot":{"x":448.67242431640627,"y":583.5108642578125,"z":35.99476623535156},"rotation":{"x":0.017689043655991555,"y":0.00809570588171482,"z":0.00014312766143120825,"w":-0.9998127222061157},"size":529.0513305664063,"orthographic":false}