{"cameraMode":{"drawMode":3,"name":"Shadow Cascades","section":"Miscellaneous"},"sceneLighting":true,"audioPlay":false,"sceneViewState":{"m_AlwaysRefresh":false,"showFog":true,"showSkybox":false,"showFlares":true,"showImageEffects":true,"showParticleSystems":true,"showVisualEffectGraphs":true,"m_FxEnabled":true},"in2DMode":false,"pivot":{"x":347.22650146484377,"y":339.6581726074219,"z":42.98382568359375},"rotation":{"x":0.017689043655991555,"y":0.00809570588171482,"z":0.00014312766143120825,"w":-0.9998127222061157},"size":341.3620300292969,"orthographic":false}