{"cameraMode":{"drawMode":3,"name":"Shadow Cascades","section":"Miscellaneous"},"sceneLighting":true,"audioPlay":false,"sceneViewState":{"m_AlwaysRefresh":false,"showFog":true,"showSkybox":false,"showFlares":true,"showImageEffects":true,"showParticleSystems":true,"showVisualEffectGraphs":true,"m_FxEnabled":true},"in2DMode":false,"pivot":{"x":0.5303513407707214,"y":423.1353454589844,"z":-0.18941664695739747},"rotation":{"x":-0.46534574031829836,"y":0.022563794627785684,"z":0.011864571832120419,"w":0.8847739100456238},"size":0.6842352747917175,"orthographic":false}