{"cameraMode":{"drawMode":3,"name":"Shadow Cascades","section":"Miscellaneous"},"sceneLighting":true,"audioPlay":false,"sceneViewState":{"m_AlwaysRefresh":false,"showFog":true,"showSkybox":false,"showFlares":true,"showImageEffects":true,"showParticleSystems":true,"showVisualEffectGraphs":true,"m_FxEnabled":true},"in2DMode":false,"pivot":{"x":0.5523856282234192,"y":-0.11858704686164856,"z":1.988592505455017},"rotation":{"x":0.00569159584119916,"y":-0.000590986164752394,"z":-0.000009681866686150897,"w":-1.0000040531158448},"size":6.595942974090576,"orthographic":true}